Period,daywk,weekend,Date,Cakes,Pies,Cookies,Smoothies,Coffee,Promotion
1,Tuesday,N,1/1/2015,79,46,518,60,233,No
2,Wednesday,N,1/2/2015,91,50,539,161,427,No
3,Thursday,N,1/3/2015,47,60,222,166,347,No
4,Friday,N,1/4/2015,89,64,734,153,358,No
5,Saturday,Y,1/5/2015,112,73,764,240,392,No
6,Sunday,Y,1/6/2015,89,57,922,259,510,No
7,Monday,N,1/7/2015,70,50,476,120,334,No
8,Tuesday,N,1/8/2015,70,48,496,222,316,No
9,Wednesday,N,1/9/2015,59,37,587,181,156,No
10,Thursday,N,1/10/2015,71,36,488,178,298,No
11,Friday,N,1/11/2015,74,50,645,100,490,No
12,Saturday,Y,1/12/2015,119,71,438,162,416,No
13,Sunday,Y,1/13/2015,90,51,568,137,434,No
14,Monday,N,1/14/2015,96,48,585,194,573,Yes
15,Tuesday,N,1/15/2015,62,56,536,112,287,No
16,Wednesday,N,1/16/2015,48,33,336,151,420,No
17,Thursday,N,1/17/2015,58,67,404,166,376,No
18,Friday,N,1/18/2015,74,74,533,181,456,No
19,Saturday,Y,1/19/2015,94,45,470,208,584,No
20,Sunday,Y,1/20/2015,97,54,395,231,411,No
21,Monday,N,1/21/2015,79,36,431,159,308,No
22,Tuesday,N,1/22/2015,67,39,276,204,382,No
23,Wednesday,N,1/23/2015,81,43,387,184,295,No
24,Thursday,N,1/24/2015,71,42,456,114,365,No
25,Friday,N,1/25/2015,95,58,647,113,362,No
26,Saturday,Y,1/26/2015,95,16,597,178,425,No
27,Sunday,Y,1/27/2015,93,66,470,192,355,No
28,Monday,N,1/28/2015,60,46,590,203,255,No
29,Tuesday,N,1/29/2015,79,38,535,141,287,No
30,Wednesday,N,1/30/2015,80,40,397,204,382,No
31,Thursday,N,1/31/2015,77,45,508,181,503,No
32,Friday,N,2/1/2015,71,59,731,236,419,No
33,Saturday,Y,2/2/2015,89,62,602,213,329,No
34,Sunday,Y,2/3/2015,90,59,536,224,627,No
35,Monday,N,2/4/2015,81,49,518,127,429,No
36,Tuesday,N,2/5/2015,93,54,331,171,328,No
37,Wednesday,N,2/6/2015,65,34,406,146,435,No
38,Thursday,N,2/7/2015,61,50,430,160,376,No
39,Friday,N,2/8/2015,112,70,601,267,581,No
40,Saturday,Y,2/9/2015,103,58,411,141,488,No
41,Sunday,Y,2/10/2015,113,60,440,187,387,No
42,Monday,N,2/11/2015,63,43,334,209,236,No
43,Tuesday,N,2/12/2015,72,49,424,184,460,No
44,Wednesday,N,2/13/2015,93,61,599,218,388,Yes
45,Thursday,N,2/14/2015,63,53,371,118,226,No
46,Friday,N,2/15/2015,67,50,730,195,523,Yes
47,Saturday,Y,2/16/2015,66,71,820,225,568,No
48,Sunday,Y,2/17/2015,83,69,611,125,535,No
49,Monday,N,2/18/2015,84,56,549,179,320,Yes
50,Tuesday,N,2/19/2015,77,43,405,206,310,No
51,Wednesday,N,2/20/2015,69,59,431,202,509,No
52,Thursday,N,2/21/2015,94,45,632,260,200,Yes
53,Friday,N,2/22/2015,93,44,689,159,420,No
54,Saturday,Y,2/23/2015,70,70,612,244,258,No
55,Sunday,Y,2/24/2015,58,51,599,203,331,No
56,Monday,N,2/25/2015,63,57,502,143,330,No
57,Tuesday,N,2/26/2015,68,34,411,99,282,No
58,Wednesday,N,2/27/2015,66,56,551,159,445,No
59,Thursday,N,2/28/2015,48,50,470,165,248,No
60,Friday,N,3/1/2015,73,56,622,119,355,No
61,Saturday,Y,3/2/2015,120,84,597,247,506,Yes
62,Sunday,Y,3/3/2015,122,52,679,139,506,Yes
63,Monday,N,3/4/2015,55,42,352,156,297,No
64,Tuesday,N,3/5/2015,84,46,513,161,251,No
65,Wednesday,N,3/6/2015,75,52,365,100,357,No
66,Thursday,N,3/7/2015,44,45,392,126,317,No
67,Friday,N,3/8/2015,87,49,653,241,455,No
68,Saturday,Y,3/9/2015,128,48,674,168,630,No
69,Sunday,Y,3/10/2015,103,59,762,206,481,No
70,Monday,N,3/11/2015,62,54,356,137,231,No
71,Tuesday,N,3/12/2015,92,50,605,171,388,No
72,Wednesday,N,3/13/2015,83,52,527,150,485,No
73,Thursday,N,3/14/2015,78,38,439,92,285,No
74,Friday,N,3/15/2015,67,47,639,246,444,No
75,Saturday,Y,3/16/2015,116,51,557,291,381,No
76,Sunday,Y,3/17/2015,117,57,718,269,440,Yes
77,Monday,N,3/18/2015,57,45,520,140,186,No
78,Tuesday,N,3/19/2015,71,30,343,130,255,No
79,Wednesday,N,3/20/2015,110,43,261,129,304,No
80,Thursday,N,3/21/2015,84,37,420,179,462,No
81,Friday,N,3/22/2015,81,44,515,224,483,No
82,Saturday,Y,3/23/2015,108,68,793,235,375,No
83,Sunday,Y,3/24/2015,87,46,585,281,455,No
84,Monday,N,3/25/2015,80,46,308,117,374,No
85,Tuesday,N,3/26/2015,61,37,440,196,322,No
86,Wednesday,N,3/27/2015,95,23,529,142,231,No
87,Thursday,N,3/28/2015,61,42,359,68,352,No
88,Friday,N,3/29/2015,78,41,528,91,460,No
89,Saturday,Y,3/30/2015,88,33,817,271,225,No
90,Sunday,Y,3/31/2015,78,77,515,172,300,No
91,Monday,N,4/1/2015,75,37,411,166,335,No
92,Tuesday,N,4/2/2015,73,41,417,68,262,No
93,Wednesday,N,4/3/2015,76,54,497,215,348,No
94,Thursday,N,4/4/2015,83,46,417,191,500,No
95,Friday,N,4/5/2015,101,72,519,289,439,No
96,Saturday,Y,4/6/2015,94,74,552,247,333,No
97,Sunday,Y,4/7/2015,89,53,487,253,435,No
98,Monday,N,4/8/2015,95,54,594,147,282,Yes
99,Tuesday,N,4/9/2015,64,63,284,147,254,No
100,Wednesday,N,4/10/2015,75,36,522,149,370,No
101,Thursday,N,4/11/2015,88,39,320,212,263,No
102,Friday,N,4/12/2015,106,69,445,119,433,No
103,Saturday,Y,4/13/2015,101,74,653,215,444,No
104,Sunday,Y,4/14/2015,89,52,633,261,518,No
105,Monday,N,4/15/2015,76,44,491,140,300,No
106,Tuesday,N,4/16/2015,74,44,599,164,396,No
107,Wednesday,N,4/17/2015,67,52,410,231,295,No
108,Thursday,N,4/18/2015,87,38,564,305,339,No
109,Friday,N,4/19/2015,107,45,609,288,412,No
110,Saturday,Y,4/20/2015,94,75,632,272,444,No
111,Sunday,Y,4/21/2015,77,53,606,257,313,No
112,Monday,N,4/22/2015,73,36,360,180,475,No
113,Tuesday,N,4/23/2015,51,47,631,147,253,No
114,Wednesday,N,4/24/2015,72,44,460,232,391,No
115,Thursday,N,4/25/2015,59,43,285,162,292,No
116,Friday,N,4/26/2015,94,78,685,245,621,No
117,Saturday,Y,4/27/2015,79,68,400,252,385,No
118,Sunday,Y,4/28/2015,64,61,757,216,301,No
119,Monday,N,4/29/2015,87,43,405,143,309,No
120,Tuesday,N,4/30/2015,72,40,403,188,294,No
121,Wednesday,N,5/1/2015,71,61,467,178,273,No
122,Thursday,N,5/2/2015,57,49,418,251,295,No
123,Friday,N,5/3/2015,100,44,434,205,467,No
124,Saturday,Y,5/4/2015,84,98,622,346,366,No
125,Sunday,Y,5/5/2015,140,41,635,226,372,No
126,Monday,N,5/6/2015,83,46,588,159,357,No
127,Tuesday,N,5/7/2015,118,45,461,201,183,No
128,Wednesday,N,5/8/2015,73,43,463,277,257,No
129,Thursday,N,5/9/2015,77,54,552,254,111,No
130,Friday,N,5/10/2015,95,45,530,248,491,No
131,Saturday,Y,5/11/2015,90,52,431,303,525,No
132,Sunday,Y,5/12/2015,96,58,395,362,388,No
133,Monday,N,5/13/2015,90,42,391,193,273,No
134,Tuesday,N,5/14/2015,53,52,432,297,248,No
135,Wednesday,N,5/15/2015,79,40,581,182,408,No
136,Thursday,N,5/16/2015,66,55,525,195,248,No
137,Friday,N,5/17/2015,82,50,740,272,276,No
138,Saturday,Y,5/18/2015,115,60,710,405,353,No
139,Sunday,Y,5/19/2015,61,41,433,300,326,No
140,Monday,N,5/20/2015,96,45,394,293,516,No
141,Tuesday,N,5/21/2015,64,48,363,194,287,No
142,Wednesday,N,5/22/2015,77,68,611,145,506,Yes
143,Thursday,N,5/23/2015,80,44,359,153,321,No
144,Friday,N,5/24/2015,93,57,415,194,424,No
145,Saturday,Y,5/25/2015,112,61,568,377,565,No
146,Sunday,Y,5/26/2015,100,60,595,257,452,No
147,Monday,N,5/27/2015,81,47,504,167,418,No
148,Tuesday,N,5/28/2015,79,59,460,231,283,No
149,Wednesday,N,5/29/2015,66,54,521,254,475,No
150,Thursday,N,5/30/2015,45,59,547,173,419,No
151,Friday,N,5/31/2015,82,59,305,98,294,No
152,Saturday,Y,6/1/2015,93,64,631,297,394,No
153,Sunday,Y,6/2/2015,102,59,612,322,456,No
154,Monday,N,6/3/2015,45,36,417,313,282,No
155,Tuesday,N,6/4/2015,58,50,385,198,263,No
156,Wednesday,N,6/5/2015,95,43,373,185,438,No
157,Thursday,N,6/6/2015,61,30,513,235,311,No
158,Friday,N,6/7/2015,56,66,572,423,326,No
159,Saturday,Y,6/8/2015,77,76,601,379,617,No
160,Sunday,Y,6/9/2015,77,66,579,327,315,No
161,Monday,N,6/10/2015,83,43,502,112,330,No
162,Tuesday,N,6/11/2015,83,56,609,323,422,Yes
163,Wednesday,N,6/12/2015,69,32,543,258,312,No
164,Thursday,N,6/13/2015,61,52,322,289,294,No
165,Friday,N,6/14/2015,76,85,534,385,353,No
166,Saturday,Y,6/15/2015,136,66,844,293,398,No
167,Sunday,Y,6/16/2015,75,65,604,219,398,No
168,Monday,N,6/17/2015,89,40,452,211,321,No
169,Tuesday,N,6/18/2015,43,40,458,299,344,No
170,Wednesday,N,6/19/2015,81,38,489,202,225,No
171,Thursday,N,6/20/2015,61,42,455,237,365,No
172,Friday,N,6/21/2015,92,68,488,269,436,Yes
173,Saturday,Y,6/22/2015,117,75,477,352,424,No
174,Sunday,Y,6/23/2015,86,79,681,292,432,No
175,Monday,N,6/24/2015,78,61,430,212,381,No
176,Tuesday,N,6/25/2015,81,61,440,251,327,No
177,Wednesday,N,6/26/2015,78,51,303,265,195,No
178,Thursday,N,6/27/2015,79,43,429,234,469,No
179,Friday,N,6/28/2015,98,67,632,184,495,No
180,Saturday,Y,6/29/2015,80,62,791,204,402,No
181,Sunday,Y,6/30/2015,113,82,590,147,489,Yes
182,Monday,N,7/1/2015,76,52,504,347,366,No
183,Tuesday,N,7/2/2015,80,46,546,160,291,No
184,Wednesday,N,7/3/2015,55,47,369,226,359,No
185,Thursday,N,7/4/2015,77,51,393,247,394,No
186,Friday,N,7/5/2015,113,81,848,437,327,Yes
187,Saturday,Y,7/6/2015,90,58,550,353,357,No
188,Sunday,Y,7/7/2015,98,53,885,244,369,No
189,Monday,N,7/8/2015,60,53,452,279,238,No
190,Tuesday,N,7/9/2015,68,37,562,281,412,No
191,Wednesday,N,7/10/2015,70,55,483,227,506,No
192,Thursday,N,7/11/2015,76,29,393,316,445,No
193,Friday,N,7/12/2015,99,52,572,224,327,No
194,Saturday,Y,7/13/2015,93,75,580,295,563,No
195,Sunday,Y,7/14/2015,123,71,561,389,566,Yes
196,Monday,N,7/15/2015,77,55,564,172,308,No
197,Tuesday,N,7/16/2015,79,41,379,199,302,No
198,Wednesday,N,7/17/2015,82,40,411,239,236,No
199,Thursday,N,7/18/2015,85,56,448,221,412,No
200,Friday,N,7/19/2015,90,77,611,411,442,No
201,Saturday,Y,7/20/2015,65,56,613,303,446,No
202,Sunday,Y,7/21/2015,114,66,816,149,409,No
203,Monday,N,7/22/2015,96,54,311,135,365,No
204,Tuesday,N,7/23/2015,80,62,268,284,434,No
205,Wednesday,N,7/24/2015,67,43,629,265,399,No
206,Thursday,N,7/25/2015,76,52,556,265,421,No
207,Friday,N,7/26/2015,101,52,640,224,494,No
208,Saturday,Y,7/27/2015,136,76,621,511,751,Yes
209,Sunday,Y,7/28/2015,93,48,523,339,381,No
210,Monday,N,7/29/2015,83,61,469,345,402,No
211,Tuesday,N,7/30/2015,77,46,453,250,420,No
212,Wednesday,N,7/31/2015,70,41,506,198,227,No
213,Thursday,N,8/1/2015,74,44,520,268,358,No
214,Friday,N,8/2/2015,96,40,507,307,289,No
215,Saturday,Y,8/3/2015,78,47,785,277,548,No
216,Sunday,Y,8/4/2015,32,58,478,307,366,No
217,Monday,N,8/5/2015,47,41,391,239,432,No
218,Tuesday,N,8/6/2015,58,50,307,277,284,No
219,Wednesday,N,8/7/2015,67,56,437,198,214,No
220,Thursday,N,8/8/2015,77,62,462,389,418,Yes
221,Friday,N,8/9/2015,90,54,586,186,270,No
222,Saturday,Y,8/10/2015,123,81,576,291,653,No
223,Sunday,Y,8/11/2015,81,58,752,317,371,No
224,Monday,N,8/12/2015,73,29,309,257,278,No
225,Tuesday,N,8/13/2015,85,44,503,192,302,No
226,Wednesday,N,8/14/2015,63,48,361,263,273,No
227,Thursday,N,8/15/2015,66,57,608,260,433,Yes
228,Friday,N,8/16/2015,86,94,274,351,447,No
229,Saturday,Y,8/17/2015,87,65,650,439,349,No
230,Sunday,Y,8/18/2015,78,79,639,294,570,No
231,Monday,N,8/19/2015,67,43,370,258,272,No
232,Tuesday,N,8/20/2015,60,51,386,179,409,No
233,Wednesday,N,8/21/2015,95,72,491,326,356,Yes
234,Thursday,N,8/22/2015,88,41,551,223,431,No
235,Friday,N,8/23/2015,68,61,548,191,424,No
236,Saturday,Y,8/24/2015,92,54,505,349,359,No
237,Sunday,Y,8/25/2015,72,46,522,426,259,No
238,Monday,N,8/26/2015,75,45,366,301,359,No
239,Tuesday,N,8/27/2015,73,48,617,271,180,Yes
240,Wednesday,N,8/28/2015,62,54,507,261,349,Yes
241,Thursday,N,8/29/2015,52,35,420,183,345,No
242,Friday,N,8/30/2015,50,61,427,282,386,No
243,Saturday,Y,8/31/2015,118,55,547,173,519,No
244,Sunday,Y,9/1/2015,108,46,549,316,576,No
245,Monday,N,9/2/2015,66,32,435,162,339,No
246,Tuesday,N,9/3/2015,56,47,693,214,208,Yes
247,Wednesday,N,9/4/2015,65,46,371,219,428,No
248,Thursday,N,9/5/2015,42,51,522,231,239,No
249,Friday,N,9/6/2015,84,63,336,300,256,No
250,Saturday,Y,9/7/2015,79,51,691,357,405,No
251,Sunday,Y,9/8/2015,88,41,633,177,340,No
252,Monday,N,9/9/2015,64,49,539,249,331,No
253,Tuesday,N,9/10/2015,93,47,402,138,275,No
254,Wednesday,N,9/11/2015,73,59,460,234,315,No
255,Thursday,N,9/12/2015,80,42,603,274,198,Yes
256,Friday,N,9/13/2015,95,50,626,187,589,No
257,Saturday,Y,9/14/2015,89,59,725,184,394,No
258,Sunday,Y,9/15/2015,98,79,359,316,415,Yes
259,Monday,N,9/16/2015,67,48,459,247,341,No
260,Tuesday,N,9/17/2015,82,40,364,203,258,No
261,Wednesday,N,9/18/2015,70,48,310,230,305,No
262,Thursday,N,9/19/2015,75,32,509,216,257,No
263,Friday,N,9/20/2015,91,46,387,237,477,No
264,Saturday,Y,9/21/2015,109,69,460,199,353,No
265,Sunday,Y,9/22/2015,91,53,665,161,209,No
266,Monday,N,9/23/2015,59,42,647,216,394,Yes
267,Tuesday,N,9/24/2015,69,47,437,208,267,No
268,Wednesday,N,9/25/2015,81,52,247,197,359,No
269,Thursday,N,9/26/2015,81,53,397,200,448,No
270,Friday,N,9/27/2015,69,46,598,157,329,No
271,Saturday,Y,9/28/2015,68,44,702,330,475,No
272,Sunday,Y,9/29/2015,89,57,506,207,374,No
273,Monday,N,9/30/2015,94,46,348,237,438,No
274,Tuesday,N,10/1/2015,79,49,504,87,392,No
275,Wednesday,N,10/2/2015,71,50,528,232,300,No
276,Thursday,N,10/3/2015,75,66,433,342,288,No
277,Friday,N,10/4/2015,98,35,743,167,413,No
278,Saturday,Y,10/5/2015,104,91,777,191,534,No
279,Sunday,Y,10/6/2015,110,53,796,217,378,No
280,Monday,N,10/7/2015,59,37,551,153,339,No
281,Tuesday,N,10/8/2015,58,41,633,192,375,No
282,Wednesday,N,10/9/2015,86,58,507,172,253,No
283,Thursday,N,10/10/2015,53,51,539,159,470,No
284,Friday,N,10/11/2015,76,48,675,207,319,No
285,Saturday,Y,10/12/2015,102,69,624,397,432,Yes
286,Sunday,Y,10/13/2015,92,75,726,175,441,No
287,Monday,N,10/14/2015,75,39,480,141,378,No
288,Tuesday,N,10/15/2015,85,60,601,166,394,No
289,Wednesday,N,10/16/2015,60,51,497,191,389,No
290,Thursday,N,10/17/2015,99,41,453,191,349,No
291,Friday,N,10/18/2015,101,57,452,176,325,No
292,Saturday,Y,10/19/2015,117,98,688,238,373,Yes
293,Sunday,Y,10/20/2015,100,81,630,325,448,Yes
294,Monday,N,10/21/2015,51,50,648,216,324,No
295,Tuesday,N,10/22/2015,84,39,596,213,412,Yes
296,Wednesday,N,10/23/2015,73,46,304,264,348,No
297,Thursday,N,10/24/2015,70,49,514,50,228,No
298,Friday,N,10/25/2015,99,57,413,184,432,No
299,Saturday,Y,10/26/2015,102,71,564,213,399,No
300,Sunday,Y,10/27/2015,63,42,701,261,462,No
301,Monday,N,10/28/2015,59,42,497,153,204,No
302,Tuesday,N,10/29/2015,66,24,456,232,273,No
303,Wednesday,N,10/30/2015,74,42,444,115,308,No
304,Thursday,N,10/31/2015,66,43,443,221,305,No
305,Friday,N,11/1/2015,48,79,512,167,446,No
306,Saturday,Y,11/2/2015,73,55,884,243,343,No
307,Sunday,Y,11/3/2015,106,62,348,199,380,No
308,Monday,N,11/4/2015,80,57,485,111,443,No
309,Tuesday,N,11/5/2015,84,38,665,182,363,No
310,Wednesday,N,11/6/2015,67,46,730,169,328,No
311,Thursday,N,11/7/2015,100,41,636,151,478,Yes
312,Friday,N,11/8/2015,113,80,543,230,410,No
313,Saturday,Y,11/9/2015,114,67,674,206,545,No
314,Sunday,Y,11/10/2015,96,40,568,203,382,No
315,Monday,N,11/11/2015,93,51,446,180,364,No
316,Tuesday,N,11/12/2015,101,34,703,154,346,No
317,Wednesday,N,11/13/2015,79,52,512,123,394,No
318,Thursday,N,11/14/2015,72,53,497,167,302,No
319,Friday,N,11/15/2015,96,51,803,160,365,No
320,Saturday,Y,11/16/2015,112,63,855,166,554,No
321,Sunday,Y,11/17/2015,121,58,694,175,405,No
322,Monday,N,11/18/2015,73,44,526,197,423,No
323,Tuesday,N,11/19/2015,77,49,513,72,355,No
324,Wednesday,N,11/20/2015,77,41,388,99,289,No
325,Thursday,N,11/21/2015,79,52,443,149,221,No
326,Friday,N,11/22/2015,87,44,692,169,439,No
327,Saturday,Y,11/23/2015,141,88,645,340,771,Yes
328,Sunday,Y,11/24/2015,82,48,575,203,446,No
329,Monday,N,11/25/2015,64,52,430,200,451,Yes
330,Tuesday,N,11/26/2015,73,58,489,152,275,No
331,Wednesday,N,11/27/2015,85,65,538,111,426,Yes
332,Thursday,N,11/28/2015,81,57,409,104,403,No
333,Friday,N,11/29/2015,97,54,647,182,412,No
334,Saturday,Y,11/30/2015,116,51,794,183,399,No
335,Sunday,Y,12/1/2015,81,29,694,220,367,No
336,Monday,N,12/2/2015,92,46,358,126,404,No
337,Tuesday,N,12/3/2015,78,41,342,154,428,No
338,Wednesday,N,12/4/2015,71,51,407,155,195,No
339,Thursday,N,12/5/2015,59,61,360,164,336,No
340,Friday,N,12/6/2015,98,56,722,311,441,No
341,Saturday,Y,12/7/2015,99,71,684,202,217,No
342,Sunday,Y,12/8/2015,84,61,534,178,561,No
343,Monday,N,12/9/2015,86,52,425,103,317,No
344,Tuesday,N,12/10/2015,65,54,557,163,446,Yes
345,Wednesday,N,12/11/2015,67,36,418,148,373,No
346,Thursday,N,12/12/2015,76,53,476,186,346,No
347,Friday,N,12/13/2015,103,66,538,201,391,No
348,Saturday,Y,12/14/2015,72,61,681,214,449,No
349,Sunday,Y,12/15/2015,82,61,515,259,529,No
350,Monday,N,12/16/2015,84,46,322,148,318,No
351,Tuesday,N,12/17/2015,65,43,487,195,300,No
352,Wednesday,N,12/18/2015,66,51,478,181,317,No
353,Thursday,N,12/19/2015,93,57,704,224,564,Yes
354,Friday,N,12/20/2015,90,62,628,237,408,No
355,Saturday,Y,12/21/2015,86,65,613,147,310,No
356,Sunday,Y,12/22/2015,100,50,532,175,535,No
357,Monday,N,12/23/2015,58,27,329,133,341,No
358,Tuesday,N,12/24/2015,84,49,476,231,357,No
359,Wednesday,N,12/25/2015,84,63,591,98,286,Yes
360,Thursday,N,12/26/2015,76,47,455,131,337,No
361,Friday,N,12/27/2015,96,50,270,149,384,No
362,Saturday,Y,12/28/2015,101,76,658,206,518,No
363,Sunday,Y,12/29/2015,114,43,514,180,493,No
364,Monday,N,12/30/2015,85,51,438,157,390,No
365,Tuesday,N,12/31/2015,71,51,506,181,363,No
366,Wednesday,N,1/1/2016,85,52,475,146,331,No
367,Thursday,N,1/2/2016,56,47,461,129,409,No
368,Friday,N,1/3/2016,86,71,752,266,536,No
369,Saturday,Y,1/4/2016,51,79,354,282,512,No
370,Sunday,Y,1/5/2016,75,64,466,205,288,No
371,Monday,N,1/6/2016,84,62,475,177,379,No
372,Tuesday,N,1/7/2016,84,42,408,126,445,No
373,Wednesday,N,1/8/2016,85,31,653,178,387,No
374,Thursday,N,1/9/2016,78,56,620,203,326,Yes
375,Friday,N,1/10/2016,51,51,661,128,375,No
376,Saturday,Y,1/11/2016,122,85,644,235,719,Yes
377,Sunday,Y,1/12/2016,123,65,556,187,405,No
378,Monday,N,1/13/2016,71,43,412,70,478,No
379,Tuesday,N,1/14/2016,80,46,375,198,302,No
380,Wednesday,N,1/15/2016,73,33,671,167,513,Yes
381,Thursday,N,1/16/2016,62,38,508,98,332,No
382,Friday,N,1/17/2016,87,52,525,185,406,No
383,Saturday,Y,1/18/2016,88,71,661,184,609,No
384,Sunday,Y,1/19/2016,95,53,441,152,456,No
385,Monday,N,1/20/2016,89,39,542,174,491,No
386,Tuesday,N,1/21/2016,56,39,393,148,328,No
387,Wednesday,N,1/22/2016,111,51,461,180,218,Yes
388,Thursday,N,1/23/2016,63,43,426,172,459,No
389,Friday,N,1/24/2016,85,62,576,150,466,No
390,Saturday,Y,1/25/2016,101,43,714,216,419,No
391,Sunday,Y,1/26/2016,93,84,407,238,382,No
392,Monday,N,1/27/2016,94,54,524,224,372,No
393,Tuesday,N,1/28/2016,78,43,425,163,327,No
394,Wednesday,N,1/29/2016,100,50,487,190,343,No
395,Thursday,N,1/30/2016,77,62,459,181,443,No
396,Friday,N,1/31/2016,70,62,500,267,505,No
397,Saturday,Y,2/1/2016,98,54,754,186,603,No
398,Sunday,Y,2/2/2016,92,70,572,209,506,No
399,Monday,N,2/3/2016,80,71,555,166,284,No
400,Tuesday,N,2/4/2016,58,41,554,176,263,No
401,Wednesday,N,2/5/2016,90,49,407,75,443,No
402,Thursday,N,2/6/2016,79,49,517,102,320,No
403,Friday,N,2/7/2016,73,44,397,136,507,No
404,Saturday,Y,2/8/2016,87,72,752,180,568,No
405,Sunday,Y,2/9/2016,94,68,546,214,582,No
406,Monday,N,2/10/2016,77,37,462,136,356,No
407,Tuesday,N,2/11/2016,60,57,422,160,376,No
408,Wednesday,N,2/12/2016,99,50,548,204,365,Yes
409,Thursday,N,2/13/2016,63,44,484,128,397,No
410,Friday,N,2/14/2016,89,77,660,176,398,No
411,Saturday,Y,2/15/2016,121,63,690,125,493,No
412,Sunday,Y,2/16/2016,106,66,340,142,374,No
413,Monday,N,2/17/2016,50,53,495,129,268,Yes
414,Tuesday,N,2/18/2016,47,34,564,173,219,No
415,Wednesday,N,2/19/2016,63,51,442,193,397,No
416,Thursday,N,2/20/2016,77,51,324,151,392,No
417,Friday,N,2/21/2016,111,40,510,205,493,No
418,Saturday,Y,2/22/2016,67,73,288,200,561,No
419,Sunday,Y,2/23/2016,116,45,458,205,506,No
420,Monday,N,2/24/2016,80,58,680,178,330,No
421,Tuesday,N,2/25/2016,90,50,490,205,399,No
422,Wednesday,N,2/26/2016,79,39,368,165,282,No
423,Thursday,N,2/27/2016,87,24,525,117,428,No
424,Friday,N,2/28/2016,90,51,464,240,495,No
425,Saturday,Y,3/1/2016,93,86,684,95,405,No
426,Sunday,Y,3/2/2016,87,57,818,217,507,No
427,Monday,N,3/3/2016,97,59,561,167,500,Yes
428,Tuesday,N,3/4/2016,70,38,509,174,361,No
429,Wednesday,N,3/5/2016,72,64,687,178,401,Yes
430,Thursday,N,3/6/2016,69,66,330,162,320,No
431,Friday,N,3/7/2016,113,64,679,137,320,No
432,Saturday,Y,3/8/2016,100,64,707,253,368,No
433,Sunday,Y,3/9/2016,80,64,593,187,299,No
434,Monday,N,3/10/2016,94,54,505,177,526,Yes
435,Tuesday,N,3/11/2016,78,46,324,126,471,No
436,Wednesday,N,3/12/2016,47,65,562,123,280,No
437,Thursday,N,3/13/2016,96,71,746,162,468,Yes
438,Friday,N,3/14/2016,89,59,776,276,516,No
439,Saturday,Y,3/15/2016,72,88,596,209,299,No
440,Sunday,Y,3/16/2016,75,60,534,227,366,No
441,Monday,N,3/17/2016,96,38,579,147,486,Yes
442,Tuesday,N,3/18/2016,75,44,552,108,254,No
443,Wednesday,N,3/19/2016,73,46,651,178,448,No
444,Thursday,N,3/20/2016,56,29,414,169,453,No
445,Friday,N,3/21/2016,74,40,752,165,471,No
446,Saturday,Y,3/22/2016,116,53,760,243,375,No
447,Sunday,Y,3/23/2016,80,61,691,246,492,No
448,Monday,N,3/24/2016,78,58,479,144,245,No
449,Tuesday,N,3/25/2016,59,51,582,197,362,No
450,Wednesday,N,3/26/2016,58,45,519,206,412,No
451,Thursday,N,3/27/2016,80,55,461,194,286,No
452,Friday,N,3/28/2016,122,45,561,201,548,No
453,Saturday,Y,3/29/2016,98,42,581,186,434,No
454,Sunday,Y,3/30/2016,97,60,519,127,397,Yes
455,Monday,N,3/31/2016,74,53,446,206,346,No
456,Tuesday,N,4/1/2016,85,38,420,203,352,No
457,Wednesday,N,4/2/2016,76,57,378,186,262,No
458,Thursday,N,4/3/2016,74,53,530,164,382,No
459,Friday,N,4/4/2016,108,66,522,224,465,No
460,Saturday,Y,4/5/2016,109,57,698,286,499,No
461,Sunday,Y,4/6/2016,96,46,535,257,531,No
462,Monday,N,4/7/2016,78,54,541,202,440,No
463,Tuesday,N,4/8/2016,61,41,435,162,205,No
464,Wednesday,N,4/9/2016,52,34,437,219,348,No
465,Thursday,N,4/10/2016,88,43,529,182,306,No
466,Friday,N,4/11/2016,107,51,603,199,519,No
467,Saturday,Y,4/12/2016,94,53,520,181,592,No
468,Sunday,Y,4/13/2016,123,42,624,256,288,No
469,Monday,N,4/14/2016,90,58,398,175,258,No
470,Tuesday,N,4/15/2016,40,48,597,247,214,No
471,Wednesday,N,4/16/2016,86,28,516,203,307,No
472,Thursday,N,4/17/2016,89,57,397,183,409,No
473,Friday,N,4/18/2016,80,59,548,218,224,No
474,Saturday,Y,4/19/2016,109,66,499,291,577,No
475,Sunday,Y,4/20/2016,86,46,545,265,519,No
476,Monday,N,4/21/2016,85,65,610,115,410,No
477,Tuesday,N,4/22/2016,71,56,448,320,135,No
478,Wednesday,N,4/23/2016,100,35,530,215,339,No
479,Thursday,N,4/24/2016,83,46,421,210,338,No
480,Friday,N,4/25/2016,99,44,424,177,567,No
481,Saturday,Y,4/26/2016,110,37,603,311,633,No
482,Sunday,Y,4/27/2016,125,44,761,147,344,No
483,Monday,N,4/28/2016,73,59,529,173,297,No
484,Tuesday,N,4/29/2016,85,44,456,143,438,No
485,Wednesday,N,4/30/2016,82,31,488,93,396,No
486,Thursday,N,5/1/2016,65,52,552,270,379,Yes
487,Friday,N,5/2/2016,112,66,523,136,324,No
488,Saturday,Y,5/3/2016,122,49,690,449,279,No
489,Sunday,Y,5/4/2016,86,36,670,334,275,No
490,Monday,N,5/5/2016,75,43,460,202,174,No
491,Tuesday,N,5/6/2016,98,26,456,205,175,No
492,Wednesday,N,5/7/2016,73,57,529,302,271,No
493,Thursday,N,5/8/2016,77,39,397,288,401,No
494,Friday,N,5/9/2016,90,64,559,249,371,No
495,Saturday,Y,5/10/2016,150,77,718,271,505,No
496,Sunday,Y,5/11/2016,81,67,629,184,377,No
497,Monday,N,5/12/2016,77,31,401,120,421,No
498,Tuesday,N,5/13/2016,105,44,484,196,338,No
499,Wednesday,N,5/14/2016,101,40,686,231,322,Yes
500,Thursday,N,5/15/2016,87,45,545,128,488,Yes
501,Friday,N,5/16/2016,90,47,250,235,243,No
502,Saturday,Y,5/17/2016,94,66,649,357,562,Yes
503,Sunday,Y,5/18/2016,106,60,466,267,458,No
504,Monday,N,5/19/2016,70,67,275,260,308,No
505,Tuesday,N,5/20/2016,86,45,364,243,446,No
506,Wednesday,N,5/21/2016,78,59,627,313,411,Yes
507,Thursday,N,5/22/2016,83,54,447,244,295,No
508,Friday,N,5/23/2016,106,50,837,159,370,No
509,Saturday,Y,5/24/2016,118,41,296,145,346,No
510,Sunday,Y,5/25/2016,97,59,556,255,240,No
511,Monday,N,5/26/2016,106,28,606,181,345,No
512,Tuesday,N,5/27/2016,75,48,480,145,418,No
513,Wednesday,N,5/28/2016,82,46,484,279,444,Yes
514,Thursday,N,5/29/2016,77,42,568,150,232,No
515,Friday,N,5/30/2016,107,54,659,280,420,Yes
516,Saturday,Y,5/31/2016,90,75,738,314,312,Yes
517,Sunday,Y,6/1/2016,114,42,706,325,494,No
518,Monday,N,6/2/2016,45,34,374,303,326,No
519,Tuesday,N,6/3/2016,85,48,451,323,431,No
520,Wednesday,N,6/4/2016,52,54,551,323,290,No
521,Thursday,N,6/5/2016,90,56,504,271,401,No
522,Friday,N,6/6/2016,112,86,804,440,357,No
523,Saturday,Y,6/7/2016,92,70,602,281,460,No
524,Sunday,Y,6/8/2016,93,59,517,341,400,No
525,Monday,N,6/9/2016,79,31,445,210,448,No
526,Tuesday,N,6/10/2016,58,34,526,288,458,No
527,Wednesday,N,6/11/2016,103,43,449,288,443,No
528,Thursday,N,6/12/2016,75,50,360,264,371,No
529,Friday,N,6/13/2016,100,51,552,302,497,No
530,Saturday,Y,6/14/2016,106,95,896,213,555,Yes
531,Sunday,Y,6/15/2016,115,66,512,318,536,No
532,Monday,N,6/16/2016,68,33,453,218,359,No
533,Tuesday,N,6/17/2016,89,39,404,333,340,No
534,Wednesday,N,6/18/2016,89,59,311,237,329,No
535,Thursday,N,6/19/2016,83,48,403,181,494,No
536,Friday,N,6/20/2016,108,79,575,347,283,No
537,Saturday,Y,6/21/2016,57,66,794,400,446,No
538,Sunday,Y,6/22/2016,139,75,693,320,487,No
539,Monday,N,6/23/2016,52,47,430,212,291,No
540,Tuesday,N,6/24/2016,62,46,447,196,379,No
541,Wednesday,N,6/25/2016,91,61,514,244,302,No
542,Thursday,N,6/26/2016,82,37,375,207,380,No
543,Friday,N,6/27/2016,84,50,376,318,470,No
544,Saturday,Y,6/28/2016,88,66,640,253,405,No
545,Sunday,Y,6/29/2016,99,62,568,288,497,No
546,Monday,N,6/30/2016,79,51,398,285,342,No
547,Tuesday,N,7/1/2016,88,32,502,197,310,No
548,Wednesday,N,7/2/2016,59,51,471,339,338,No
549,Thursday,N,7/3/2016,61,32,493,225,484,No
550,Friday,N,7/4/2016,81,66,590,386,483,No
551,Saturday,Y,7/5/2016,124,56,693,393,219,No
552,Sunday,Y,7/6/2016,107,69,1152,420,499,Yes
553,Monday,N,7/7/2016,52,52,526,247,246,No
554,Tuesday,N,7/8/2016,69,36,490,336,448,No
555,Wednesday,N,7/9/2016,96,31,481,125,252,Yes
556,Thursday,N,7/10/2016,89,72,609,252,402,Yes
557,Friday,N,7/11/2016,54,60,468,195,532,No
558,Saturday,Y,7/12/2016,133,38,535,322,521,No
559,Sunday,Y,7/13/2016,105,48,634,265,324,No
560,Monday,N,7/14/2016,63,49,537,378,330,No
561,Tuesday,N,7/15/2016,104,34,541,370,314,No
562,Wednesday,N,7/16/2016,81,45,338,243,352,No
563,Thursday,N,7/17/2016,42,38,396,317,395,No
564,Friday,N,7/18/2016,116,66,538,335,334,No
565,Saturday,Y,7/19/2016,82,56,555,407,490,No
566,Sunday,Y,7/20/2016,103,57,590,344,562,No
567,Monday,N,7/21/2016,85,57,490,238,257,No
568,Tuesday,N,7/22/2016,58,43,435,224,398,No
569,Wednesday,N,7/23/2016,63,48,479,311,388,No
570,Thursday,N,7/24/2016,84,53,449,281,316,No
571,Friday,N,7/25/2016,119,56,743,298,135,No
572,Saturday,Y,7/26/2016,107,54,438,191,458,No
573,Sunday,Y,7/27/2016,122,69,662,298,500,No
574,Monday,N,7/28/2016,61,45,406,305,396,No
575,Tuesday,N,7/29/2016,77,49,392,244,316,No
576,Wednesday,N,7/30/2016,59,50,554,172,440,No
577,Thursday,N,7/31/2016,90,68,561,305,272,Yes
578,Friday,N,8/1/2016,89,59,671,290,421,No
579,Saturday,Y,8/2/2016,74,47,707,465,406,No
580,Sunday,Y,8/3/2016,87,53,451,412,561,No
581,Monday,N,8/4/2016,85,59,435,262,428,No
582,Tuesday,N,8/5/2016,96,52,533,254,539,Yes
583,Wednesday,N,8/6/2016,80,35,295,299,428,No
584,Thursday,N,8/7/2016,64,31,477,146,443,No
585,Friday,N,8/8/2016,80,90,559,468,486,Yes
586,Saturday,Y,8/9/2016,105,73,789,336,504,No
587,Sunday,Y,8/10/2016,115,54,714,235,441,No
588,Monday,N,8/11/2016,95,49,548,304,308,No
589,Tuesday,N,8/12/2016,81,32,353,200,347,No
590,Wednesday,N,8/13/2016,73,63,445,274,317,No
591,Thursday,N,8/14/2016,95,56,401,237,416,No
592,Friday,N,8/15/2016,100,67,483,328,475,No
593,Saturday,Y,8/16/2016,98,47,655,460,578,Yes
594,Sunday,Y,8/17/2016,102,49,559,247,450,No
595,Monday,N,8/18/2016,85,55,571,209,249,No
596,Tuesday,N,8/19/2016,79,51,530,280,334,No
597,Wednesday,N,8/20/2016,84,64,482,146,294,No
598,Thursday,N,8/21/2016,88,26,429,186,435,No
599,Friday,N,8/22/2016,92,32,578,278,478,No
600,Saturday,Y,8/23/2016,127,78,701,311,418,No
601,Sunday,Y,8/24/2016,126,86,560,551,546,Yes
602,Monday,N,8/25/2016,78,52,623,327,445,No
603,Tuesday,N,8/26/2016,69,68,502,212,499,No
604,Wednesday,N,8/27/2016,90,40,490,333,393,No
605,Thursday,N,8/28/2016,86,52,552,277,365,No
606,Friday,N,8/29/2016,99,45,576,353,442,Yes
607,Saturday,Y,8/30/2016,74,59,886,250,615,No
608,Sunday,Y,8/31/2016,137,58,698,385,581,Yes
609,Monday,N,9/1/2016,90,52,351,221,229,No
610,Tuesday,N,9/2/2016,108,71,555,212,322,Yes
611,Wednesday,N,9/3/2016,82,46,634,133,333,No
612,Thursday,N,9/4/2016,82,34,445,211,214,No
613,Friday,N,9/5/2016,124,82,759,204,426,No
614,Saturday,Y,9/6/2016,90,80,465,312,355,No
615,Sunday,Y,9/7/2016,85,42,511,298,303,No
616,Monday,N,9/8/2016,70,40,467,140,219,No
617,Tuesday,N,9/9/2016,94,40,681,210,458,No
618,Wednesday,N,9/10/2016,51,46,570,172,347,No
619,Thursday,N,9/11/2016,96,52,294,173,214,No
620,Friday,N,9/12/2016,105,60,788,157,416,No
621,Saturday,Y,9/13/2016,90,95,422,189,443,No
622,Sunday,Y,9/14/2016,72,62,576,206,486,No
623,Monday,N,9/15/2016,86,29,575,288,335,No
624,Tuesday,N,9/16/2016,99,37,397,200,360,No
625,Wednesday,N,9/17/2016,68,55,395,198,442,No
626,Thursday,N,9/18/2016,43,48,441,251,420,No
627,Friday,N,9/19/2016,104,68,697,306,334,No
628,Saturday,Y,9/20/2016,142,87,555,230,638,Yes
629,Sunday,Y,9/21/2016,113,54,656,216,601,No
630,Monday,N,9/22/2016,68,63,494,256,422,No
631,Tuesday,N,9/23/2016,67,60,370,270,374,No
632,Wednesday,N,9/24/2016,96,43,590,248,281,No
633,Thursday,N,9/25/2016,95,34,501,180,526,No
634,Friday,N,9/26/2016,102,53,514,279,338,No
635,Saturday,Y,9/27/2016,99,49,769,275,537,No
636,Sunday,Y,9/28/2016,81,64,697,138,293,No
637,Monday,N,9/29/2016,106,43,600,161,435,No
638,Tuesday,N,9/30/2016,66,40,626,125,361,No
639,Wednesday,N,10/1/2016,87,48,440,193,306,No
640,Thursday,N,10/2/2016,76,29,535,240,402,No
641,Friday,N,10/3/2016,96,71,631,267,274,No
642,Saturday,Y,10/4/2016,102,77,444,230,687,No
643,Sunday,Y,10/5/2016,113,53,689,272,617,No
644,Monday,N,10/6/2016,84,61,585,148,397,No
645,Tuesday,N,10/7/2016,75,51,482,176,241,No
646,Wednesday,N,10/8/2016,74,22,376,184,461,No
647,Thursday,N,10/9/2016,62,65,625,206,253,No
648,Friday,N,10/10/2016,86,63,514,225,329,No
649,Saturday,Y,10/11/2016,85,58,540,269,491,No
650,Sunday,Y,10/12/2016,80,76,385,223,233,No
651,Monday,N,10/13/2016,63,52,637,209,317,No
652,Tuesday,N,10/14/2016,65,49,590,147,366,No
653,Wednesday,N,10/15/2016,70,45,532,259,346,No
654,Thursday,N,10/16/2016,103,28,569,314,433,No
655,Friday,N,10/17/2016,117,45,527,128,567,No
656,Saturday,Y,10/18/2016,134,84,941,196,461,No
657,Sunday,Y,10/19/2016,79,63,658,196,459,Yes
658,Monday,N,10/20/2016,106,42,584,141,303,No
659,Tuesday,N,10/21/2016,90,44,508,219,233,No
660,Wednesday,N,10/22/2016,78,53,403,243,442,No
661,Thursday,N,10/23/2016,82,46,754,202,376,No
662,Friday,N,10/24/2016,110,78,403,223,543,No
663,Saturday,Y,10/25/2016,95,72,582,253,323,No
664,Sunday,Y,10/26/2016,93,69,554,271,343,No
665,Monday,N,10/27/2016,74,46,488,194,347,No
666,Tuesday,N,10/28/2016,100,50,528,120,411,No
667,Wednesday,N,10/29/2016,59,37,290,123,301,No
668,Thursday,N,10/30/2016,82,41,414,235,482,No
669,Friday,N,10/31/2016,89,82,552,234,426,No
670,Saturday,Y,11/1/2016,119,71,840,233,758,No
671,Sunday,Y,11/2/2016,123,68,860,174,427,No
672,Monday,N,11/3/2016,97,38,377,119,433,No
673,Tuesday,N,11/4/2016,74,58,358,165,214,No
674,Wednesday,N,11/5/2016,49,49,613,175,306,No
675,Thursday,N,11/6/2016,97,39,636,109,316,No
676,Friday,N,11/7/2016,76,69,614,209,521,No
677,Saturday,Y,11/8/2016,124,78,803,256,404,No
678,Sunday,Y,11/9/2016,59,64,722,182,329,No
679,Monday,N,11/10/2016,75,54,456,120,253,No
680,Tuesday,N,11/11/2016,72,33,473,147,295,Yes
681,Wednesday,N,11/12/2016,97,62,489,155,210,No
682,Thursday,N,11/13/2016,87,38,425,166,298,No
683,Friday,N,11/14/2016,96,71,602,217,376,No
684,Saturday,Y,11/15/2016,125,88,744,267,500,No
685,Sunday,Y,11/16/2016,87,89,649,193,391,No
686,Monday,N,11/17/2016,69,44,549,151,289,No
687,Tuesday,N,11/18/2016,84,47,497,164,214,No
688,Wednesday,N,11/19/2016,90,33,584,106,279,No
689,Thursday,N,11/20/2016,62,46,512,85,222,No
690,Friday,N,11/21/2016,66,64,720,147,535,No
691,Saturday,Y,11/22/2016,115,66,745,316,494,No
692,Sunday,Y,11/23/2016,69,53,594,144,591,No
693,Monday,N,11/24/2016,93,46,465,186,435,Yes
694,Tuesday,N,11/25/2016,77,49,432,151,356,No
695,Wednesday,N,11/26/2016,102,61,558,132,331,No
696,Thursday,N,11/27/2016,63,52,561,92,278,No
697,Friday,N,11/28/2016,87,55,601,201,471,No
698,Saturday,Y,11/29/2016,93,56,746,135,332,No
699,Sunday,Y,11/30/2016,77,53,401,190,518,No
700,Monday,N,12/1/2016,92,56,629,104,409,No
701,Tuesday,N,12/2/2016,83,55,464,128,396,No
702,Wednesday,N,12/3/2016,71,46,465,142,236,No
703,Thursday,N,12/4/2016,52,56,385,201,328,No
704,Friday,N,12/5/2016,98,63,582,198,444,No
705,Saturday,Y,12/6/2016,114,52,657,277,392,No
706,Sunday,Y,12/7/2016,87,50,685,129,488,No
707,Monday,N,12/8/2016,70,54,577,149,228,No
708,Tuesday,N,12/9/2016,110,68,716,239,444,Yes
709,Wednesday,N,12/10/2016,86,49,533,220,345,No
710,Thursday,N,12/11/2016,55,63,566,239,306,No
711,Friday,N,12/12/2016,106,64,686,96,410,No
712,Saturday,Y,12/13/2016,143,93,594,342,639,No
713,Sunday,Y,12/14/2016,100,67,707,243,277,No
714,Monday,N,12/15/2016,101,39,423,167,305,No
715,Tuesday,N,12/16/2016,76,63,581,202,347,No
716,Wednesday,N,12/17/2016,38,40,489,96,433,No
717,Thursday,N,12/18/2016,90,52,387,129,378,No
718,Friday,N,12/19/2016,80,68,532,236,441,No
719,Saturday,Y,12/20/2016,140,62,657,292,473,No
720,Sunday,Y,12/21/2016,68,49,391,148,563,No
721,Monday,N,12/22/2016,73,71,381,171,368,No
722,Tuesday,N,12/23/2016,71,43,419,155,352,No
723,Wednesday,N,12/24/2016,55,28,647,206,305,No
724,Thursday,N,12/25/2016,90,51,650,115,216,No
725,Friday,N,12/26/2016,88,67,663,182,375,No
726,Saturday,Y,12/27/2016,113,74,600,207,528,No
727,Sunday,Y,12/28/2016,88,82,601,156,427,No
728,Monday,N,12/29/2016,115,48,555,252,338,Yes
729,Tuesday,N,12/30/2016,84,43,555,160,339,No
730,Wednesday,N,12/31/2016,87,64,337,151,322,No
731,Thursday,N,1/1/2017,88,39,281,155,407,No
732,Friday,N,1/2/2017,97,35,575,131,420,No
733,Saturday,Y,1/3/2017,104,48,742,175,536,No
734,Sunday,Y,1/4/2017,85,76,394,196,530,No
735,Monday,N,1/5/2017,87,52,335,116,362,No
736,Tuesday,N,1/6/2017,82,43,458,146,295,No
737,Wednesday,N,1/7/2017,96,49,400,173,246,No
738,Thursday,N,1/8/2017,94,43,570,185,445,No
739,Friday,N,1/9/2017,90,54,526,186,400,No
740,Saturday,Y,1/10/2017,111,64,641,198,570,No
741,Sunday,Y,1/11/2017,109,67,614,163,451,No
742,Monday,N,1/12/2017,76,51,410,166,411,No
743,Tuesday,N,1/13/2017,75,50,484,143,408,No
744,Wednesday,N,1/14/2017,68,41,596,132,345,No
745,Thursday,N,1/15/2017,81,41,491,167,282,No
746,Friday,N,1/16/2017,110,38,668,148,476,No
747,Saturday,Y,1/17/2017,129,66,759,190,309,No
748,Sunday,Y,1/18/2017,79,58,580,208,284,No
749,Monday,N,1/19/2017,76,41,381,125,410,No
750,Tuesday,N,1/20/2017,60,40,322,111,294,No
751,Wednesday,N,1/21/2017,87,38,559,119,375,No
752,Thursday,N,1/22/2017,80,52,466,154,315,No
753,Friday,N,1/23/2017,98,73,778,187,417,No
754,Saturday,Y,1/24/2017,92,56,702,215,448,No
755,Sunday,Y,1/25/2017,109,75,325,193,511,No
756,Monday,N,1/26/2017,58,63,443,188,346,No
757,Tuesday,N,1/27/2017,62,35,423,169,319,No
758,Wednesday,N,1/28/2017,83,39,373,173,411,No
759,Thursday,N,1/29/2017,51,57,568,100,463,No
760,Friday,N,1/30/2017,74,48,629,185,421,No
761,Saturday,Y,1/31/2017,116,59,595,184,434,No
762,Sunday,Y,2/1/2017,107,72,412,175,424,No
763,Monday,N,2/2/2017,63,40,513,165,375,No
764,Tuesday,N,2/3/2017,86,37,308,138,312,No
765,Wednesday,N,2/4/2017,87,61,521,167,337,No
766,Thursday,N,2/5/2017,72,42,578,132,448,No
767,Friday,N,2/6/2017,89,77,883,189,356,No
768,Saturday,Y,2/7/2017,110,67,713,219,397,No
769,Sunday,Y,2/8/2017,90,53,845,205,319,No
770,Monday,N,2/9/2017,96,43,499,179,229,No
771,Tuesday,N,2/10/2017,53,54,565,240,435,No
772,Wednesday,N,2/11/2017,71,50,463,150,429,No
773,Thursday,N,2/12/2017,107,67,576,119,376,Yes
774,Friday,N,2/13/2017,89,41,594,205,428,No
775,Saturday,Y,2/14/2017,105,64,764,208,712,No
776,Sunday,Y,2/15/2017,117,54,387,166,303,No
777,Monday,N,2/16/2017,86,54,525,151,392,No
778,Tuesday,N,2/17/2017,84,43,629,140,406,No
779,Wednesday,N,2/18/2017,88,46,530,119,387,No
780,Thursday,N,2/19/2017,102,52,460,216,486,No
781,Friday,N,2/20/2017,108,70,684,170,518,Yes
782,Saturday,Y,2/21/2017,146,56,634,180,393,No
783,Sunday,Y,2/22/2017,75,31,459,124,453,No
784,Monday,N,2/23/2017,104,35,552,114,334,No
785,Tuesday,N,2/24/2017,83,53,538,145,358,Yes
786,Wednesday,N,2/25/2017,55,45,621,191,257,No
787,Thursday,N,2/26/2017,102,53,365,190,333,No
788,Friday,N,2/27/2017,101,77,584,229,335,No
789,Saturday,Y,2/28/2017,115,73,670,225,389,No
790,Sunday,Y,3/1/2017,100,54,648,217,522,No
791,Monday,N,3/2/2017,116,47,492,193,247,No
792,Tuesday,N,3/3/2017,37,41,419,199,453,No
793,Wednesday,N,3/4/2017,85,47,393,166,241,No
794,Thursday,N,3/5/2017,61,54,568,123,342,No
795,Friday,N,3/6/2017,124,66,674,235,492,No
796,Saturday,Y,3/7/2017,101,84,581,221,539,No
797,Sunday,Y,3/8/2017,77,77,614,237,208,No
798,Monday,N,3/9/2017,98,43,451,165,426,Yes
799,Tuesday,N,3/10/2017,83,49,508,145,448,No
800,Wednesday,N,3/11/2017,51,48,397,127,317,No
801,Thursday,N,3/12/2017,70,54,492,171,597,No
802,Friday,N,3/13/2017,78,49,463,150,244,No
803,Saturday,Y,3/14/2017,119,89,751,153,412,No
804,Sunday,Y,3/15/2017,77,48,475,212,458,No
805,Monday,N,3/16/2017,78,54,597,297,380,Yes
806,Tuesday,N,3/17/2017,52,77,448,213,397,Yes
807,Wednesday,N,3/18/2017,71,57,470,230,164,No
808,Thursday,N,3/19/2017,88,43,530,194,416,No
809,Friday,N,3/20/2017,108,89,585,250,558,No
810,Saturday,Y,3/21/2017,94,72,696,276,319,No
811,Sunday,Y,3/22/2017,97,46,708,174,389,No
812,Monday,N,3/23/2017,54,45,380,161,330,No
813,Tuesday,N,3/24/2017,67,48,435,138,272,No
814,Wednesday,N,3/25/2017,67,63,348,199,251,No
815,Thursday,N,3/26/2017,78,56,523,118,367,No
816,Friday,N,3/27/2017,94,66,726,149,608,No
817,Saturday,Y,3/28/2017,109,64,686,244,609,No
818,Sunday,Y,3/29/2017,127,56,257,236,446,No
819,Monday,N,3/30/2017,93,55,547,234,427,Yes
820,Tuesday,N,3/31/2017,81,39,361,122,429,No
821,Wednesday,N,4/1/2017,74,41,457,297,259,No
822,Thursday,N,4/2/2017,73,40,482,199,359,No
823,Friday,N,4/3/2017,88,41,744,222,584,No
824,Saturday,Y,4/4/2017,84,36,711,326,481,No
825,Sunday,Y,4/5/2017,71,53,541,294,564,No
826,Monday,N,4/6/2017,48,33,584,211,232,No
827,Tuesday,N,4/7/2017,92,44,576,212,441,No
828,Wednesday,N,4/8/2017,74,71,427,194,520,No
829,Thursday,N,4/9/2017,96,54,521,140,316,No
830,Friday,N,4/10/2017,94,72,324,239,385,No
831,Saturday,Y,4/11/2017,87,38,701,291,503,No
832,Sunday,Y,4/12/2017,86,61,658,183,540,No
833,Monday,N,4/13/2017,48,44,485,196,269,No
834,Tuesday,N,4/14/2017,67,50,575,145,309,No
835,Wednesday,N,4/15/2017,70,55,354,104,212,No
836,Thursday,N,4/16/2017,73,48,616,188,357,No
837,Friday,N,4/17/2017,98,68,657,243,431,No
838,Saturday,Y,4/18/2017,110,72,760,330,431,No
839,Sunday,Y,4/19/2017,112,53,481,231,553,No
840,Monday,N,4/20/2017,64,48,559,206,454,No
841,Tuesday,N,4/21/2017,86,47,362,277,484,No
842,Wednesday,N,4/22/2017,84,65,511,200,342,No
843,Thursday,N,4/23/2017,83,57,682,301,308,No
844,Friday,N,4/24/2017,137,68,517,240,398,No
845,Saturday,Y,4/25/2017,85,67,705,175,407,No
846,Sunday,Y,4/26/2017,112,66,465,237,393,No
847,Monday,N,4/27/2017,71,69,435,162,280,No
848,Tuesday,N,4/28/2017,90,52,444,160,291,No
849,Wednesday,N,4/29/2017,81,62,488,253,542,No
850,Thursday,N,4/30/2017,77,39,328,252,275,No
851,Friday,N,5/1/2017,85,47,571,290,533,No
852,Saturday,Y,5/2/2017,111,58,760,171,451,No
853,Sunday,Y,5/3/2017,84,58,691,326,553,Yes
854,Monday,N,5/4/2017,77,37,320,244,262,No
855,Tuesday,N,5/5/2017,90,48,556,223,412,No
856,Wednesday,N,5/6/2017,83,51,501,183,341,No
857,Thursday,N,5/7/2017,97,44,699,153,290,No
858,Friday,N,5/8/2017,96,45,744,313,480,No
859,Saturday,Y,5/9/2017,113,58,917,351,323,No
860,Sunday,Y,5/10/2017,51,52,678,330,268,No
861,Monday,N,5/11/2017,92,50,487,282,615,Yes
862,Tuesday,N,5/12/2017,107,45,444,287,286,No
863,Wednesday,N,5/13/2017,59,51,598,262,177,No
864,Thursday,N,5/14/2017,107,64,642,221,395,No
865,Friday,N,5/15/2017,138,60,704,174,160,No
866,Saturday,Y,5/16/2017,103,66,487,283,543,No
867,Sunday,Y,5/17/2017,108,65,277,310,251,No
868,Monday,N,5/18/2017,67,51,300,249,460,No
869,Tuesday,N,5/19/2017,73,57,340,236,413,No
870,Wednesday,N,5/20/2017,74,44,423,65,278,No
871,Thursday,N,5/21/2017,54,22,457,266,303,No
872,Friday,N,5/22/2017,108,57,665,334,303,No
873,Saturday,Y,5/23/2017,165,69,736,312,550,Yes
874,Sunday,Y,5/24/2017,82,68,768,185,570,No
875,Monday,N,5/25/2017,102,61,569,159,366,Yes
876,Tuesday,N,5/26/2017,91,49,391,97,261,No
877,Wednesday,N,5/27/2017,94,30,543,219,506,No
878,Thursday,N,5/28/2017,90,50,546,212,380,No
879,Friday,N,5/29/2017,110,65,759,263,489,No
880,Saturday,Y,5/30/2017,99,54,716,419,429,No
881,Sunday,Y,5/31/2017,81,56,525,233,621,No
882,Monday,N,6/1/2017,56,29,398,336,261,No
883,Tuesday,N,6/2/2017,58,37,428,259,510,No
884,Wednesday,N,6/3/2017,63,39,539,244,350,No
885,Thursday,N,6/4/2017,88,43,623,316,314,No
886,Friday,N,6/5/2017,115,75,750,290,367,No
887,Saturday,Y,6/6/2017,89,87,684,434,459,No
888,Sunday,Y,6/7/2017,118,55,563,181,462,No
889,Monday,N,6/8/2017,97,53,394,316,386,No
890,Tuesday,N,6/9/2017,115,39,553,326,499,Yes
891,Wednesday,N,6/10/2017,55,52,453,241,300,No
892,Thursday,N,6/11/2017,89,59,515,281,373,No
893,Friday,N,6/12/2017,95,63,625,274,370,No
894,Saturday,Y,6/13/2017,118,42,638,260,634,No
895,Sunday,Y,6/14/2017,113,67,477,227,349,No
896,Monday,N,6/15/2017,82,54,548,276,369,No
897,Tuesday,N,6/16/2017,65,37,622,351,228,Yes
898,Wednesday,N,6/17/2017,81,61,548,381,440,No
899,Thursday,N,6/18/2017,104,49,519,271,323,No
900,Friday,N,6/19/2017,115,57,621,331,521,No
901,Saturday,Y,6/20/2017,136,61,600,377,480,No
902,Sunday,Y,6/21/2017,118,67,595,241,349,No
903,Monday,N,6/22/2017,59,61,551,249,318,No
904,Tuesday,N,6/23/2017,80,54,505,276,395,No
905,Wednesday,N,6/24/2017,101,59,469,186,201,No
906,Thursday,N,6/25/2017,76,35,501,157,325,No
907,Friday,N,6/26/2017,90,64,602,317,434,No
908,Saturday,Y,6/27/2017,106,41,390,251,451,No
909,Sunday,Y,6/28/2017,116,64,364,232,365,No
910,Monday,N,6/29/2017,85,46,395,283,291,No
911,Tuesday,N,6/30/2017,65,62,442,361,329,No
912,Wednesday,N,7/1/2017,85,25,397,256,394,No
913,Thursday,N,7/2/2017,76,39,415,368,233,No
914,Friday,N,7/3/2017,114,61,514,269,476,No
915,Saturday,Y,7/4/2017,121,58,814,162,306,No
916,Sunday,Y,7/5/2017,126,59,606,337,555,Yes
917,Monday,N,7/6/2017,74,45,699,290,359,No
918,Tuesday,N,7/7/2017,73,57,645,238,368,No
919,Wednesday,N,7/8/2017,79,56,521,252,344,No
920,Thursday,N,7/9/2017,81,50,383,274,378,No
921,Friday,N,7/10/2017,74,66,564,421,621,No
922,Saturday,Y,7/11/2017,126,64,868,477,505,Yes
923,Sunday,Y,7/12/2017,107,38,640,354,482,No
924,Monday,N,7/13/2017,97,44,366,233,313,No
925,Tuesday,N,7/14/2017,91,69,525,308,167,No
926,Wednesday,N,7/15/2017,67,36,373,258,402,No
927,Thursday,N,7/16/2017,61,42,581,232,491,No
928,Friday,N,7/17/2017,114,60,627,387,734,Yes
929,Saturday,Y,7/18/2017,105,33,635,214,516,No
930,Sunday,Y,7/19/2017,113,72,688,302,397,No
931,Monday,N,7/20/2017,97,46,388,205,388,No
932,Tuesday,N,7/21/2017,65,42,473,220,469,No
933,Wednesday,N,7/22/2017,94,44,475,232,514,No
934,Thursday,N,7/23/2017,65,54,487,265,287,No
935,Friday,N,7/24/2017,130,56,678,301,543,No
936,Saturday,Y,7/25/2017,114,73,623,361,534,No
937,Sunday,Y,7/26/2017,82,61,526,514,386,No
938,Monday,N,7/27/2017,92,48,615,211,344,No
939,Tuesday,N,7/28/2017,51,50,493,307,338,No
940,Wednesday,N,7/29/2017,94,69,473,386,378,Yes
941,Thursday,N,7/30/2017,87,43,334,229,441,No
942,Friday,N,7/31/2017,47,55,538,293,272,No
943,Saturday,Y,8/1/2017,109,81,538,417,556,No
944,Sunday,Y,8/2/2017,77,54,340,356,251,No
945,Monday,N,8/3/2017,69,59,595,261,309,Yes
946,Tuesday,N,8/4/2017,67,48,612,200,466,No
947,Wednesday,N,8/5/2017,69,47,544,320,438,No
948,Thursday,N,8/6/2017,103,61,460,212,375,No
949,Friday,N,8/7/2017,86,46,749,416,404,Yes
950,Saturday,Y,8/8/2017,61,67,662,326,417,No
951,Sunday,Y,8/9/2017,114,73,526,357,403,No
952,Monday,N,8/10/2017,43,46,419,259,311,No
953,Tuesday,N,8/11/2017,86,33,380,308,446,No
954,Wednesday,N,8/12/2017,57,39,398,161,356,No
955,Thursday,N,8/13/2017,74,45,539,246,504,No
956,Friday,N,8/14/2017,122,56,496,241,422,No
957,Saturday,Y,8/15/2017,119,59,470,249,401,No
958,Sunday,Y,8/16/2017,95,57,570,248,406,No
959,Monday,N,8/17/2017,100,55,643,105,470,Yes
960,Tuesday,N,8/18/2017,91,56,656,295,428,No
961,Wednesday,N,8/19/2017,64,48,702,239,225,No
962,Thursday,N,8/20/2017,81,53,534,221,308,No
963,Friday,N,8/21/2017,100,76,787,275,277,No
964,Saturday,Y,8/22/2017,71,69,913,272,404,No
965,Sunday,Y,8/23/2017,88,85,846,265,607,No
966,Monday,N,8/24/2017,74,53,588,261,323,Yes
967,Tuesday,N,8/25/2017,103,58,474,382,526,No
968,Wednesday,N,8/26/2017,66,37,669,316,442,Yes
969,Thursday,N,8/27/2017,87,51,381,304,348,No
970,Friday,N,8/28/2017,81,67,657,441,432,Yes
971,Saturday,Y,8/29/2017,144,65,695,378,611,No
972,Sunday,Y,8/30/2017,147,74,692,335,343,No
973,Monday,N,8/31/2017,84,57,484,208,430,No
974,Tuesday,N,9/1/2017,78,37,415,272,386,No
975,Wednesday,N,9/2/2017,91,50,577,159,403,No
976,Thursday,N,9/3/2017,72,65,536,131,390,No
977,Friday,N,9/4/2017,92,42,686,333,409,No
978,Saturday,Y,9/5/2017,104,74,619,191,545,No
979,Sunday,Y,9/6/2017,116,51,785,277,525,No
980,Monday,N,9/7/2017,66,47,593,134,316,No
981,Tuesday,N,9/8/2017,54,48,584,235,230,No
982,Wednesday,N,9/9/2017,71,29,576,211,304,No
983,Thursday,N,9/10/2017,101,38,656,124,500,No
984,Friday,N,9/11/2017,132,61,640,228,254,No
985,Saturday,Y,9/12/2017,115,72,777,299,334,No
986,Sunday,Y,9/13/2017,108,66,762,251,509,No
987,Monday,N,9/14/2017,76,38,543,139,417,No
988,Tuesday,N,9/15/2017,129,42,746,243,463,Yes
989,Wednesday,N,9/16/2017,70,36,434,182,206,No
990,Thursday,N,9/17/2017,81,59,399,222,460,No
991,Friday,N,9/18/2017,109,29,621,176,453,No
992,Saturday,Y,9/19/2017,117,77,818,377,495,Yes
993,Sunday,Y,9/20/2017,88,76,651,244,451,No
994,Monday,N,9/21/2017,153,62,545,258,528,Yes
995,Tuesday,N,9/22/2017,78,46,510,202,410,No
996,Wednesday,N,9/23/2017,79,53,618,250,351,No
997,Thursday,N,9/24/2017,101,57,532,205,368,No
998,Friday,N,9/25/2017,98,51,445,143,547,No
999,Saturday,Y,9/26/2017,94,79,977,315,557,No
1000,Sunday,Y,9/27/2017,109,62,718,140,431,No
1001,Monday,N,9/28/2017,70,44,462,217,272,No
1002,Tuesday,N,9/29/2017,64,44,369,143,260,No
1003,Wednesday,N,9/30/2017,77,63,636,174,253,No
1004,Thursday,N,10/1/2017,86,44,602,267,436,No
1005,Friday,N,10/2/2017,138,71,635,260,387,Yes
1006,Saturday,Y,10/3/2017,113,63,966,268,634,No
1007,Sunday,Y,10/4/2017,85,68,682,208,450,No
1008,Monday,N,10/5/2017,71,39,653,262,424,No
1009,Tuesday,N,10/6/2017,69,49,275,150,456,No
1010,Wednesday,N,10/7/2017,81,40,849,243,348,No
1011,Thursday,N,10/8/2017,70,32,534,230,246,No
1012,Friday,N,10/9/2017,92,91,719,216,685,Yes
1013,Saturday,Y,10/10/2017,105,71,567,338,475,No
1014,Sunday,Y,10/11/2017,141,38,515,290,453,No
1015,Monday,N,10/12/2017,50,33,470,234,372,No
1016,Tuesday,N,10/13/2017,61,44,539,228,354,No
1017,Wednesday,N,10/14/2017,115,45,537,176,448,Yes
1018,Thursday,N,10/15/2017,82,42,549,192,492,No
1019,Friday,N,10/16/2017,124,84,573,261,463,No
1020,Saturday,Y,10/17/2017,70,76,566,349,686,No
1021,Sunday,Y,10/18/2017,119,82,584,269,543,No
1022,Monday,N,10/19/2017,69,37,589,187,298,No
1023,Tuesday,N,10/20/2017,67,38,650,161,337,No
1024,Wednesday,N,10/21/2017,90,47,386,203,316,No
1025,Thursday,N,10/22/2017,94,64,506,235,316,No
1026,Friday,N,10/23/2017,108,45,826,275,361,No
1027,Saturday,Y,10/24/2017,63,82,689,275,370,No
1028,Sunday,Y,10/25/2017,86,87,465,280,528,No
1029,Monday,N,10/26/2017,91,62,386,110,379,No
1030,Tuesday,N,10/27/2017,97,44,310,137,287,No
1031,Wednesday,N,10/28/2017,69,54,358,176,531,No
1032,Thursday,N,10/29/2017,93,61,581,73,303,No
1033,Friday,N,10/30/2017,91,77,348,258,345,No
1034,Saturday,Y,10/31/2017,135,52,441,221,340,No
1035,Sunday,Y,11/1/2017,88,80,981,123,417,Yes
1036,Monday,N,11/2/2017,74,39,462,149,286,No
1037,Tuesday,N,11/3/2017,81,48,403,138,419,No
1038,Wednesday,N,11/4/2017,82,37,452,160,234,No
1039,Thursday,N,11/5/2017,73,38,514,223,344,No
1040,Friday,N,11/6/2017,83,57,533,245,469,No
1041,Saturday,Y,11/7/2017,105,73,612,166,333,No
1042,Sunday,Y,11/8/2017,75,62,646,189,473,Yes
1043,Monday,N,11/9/2017,118,46,523,247,336,Yes
1044,Tuesday,N,11/10/2017,85,66,713,172,404,No
1045,Wednesday,N,11/11/2017,96,38,628,157,237,No
1046,Thursday,N,11/12/2017,92,52,485,142,271,No
1047,Friday,N,11/13/2017,96,48,614,169,265,No
1048,Saturday,Y,11/14/2017,132,35,792,147,580,No
1049,Sunday,Y,11/15/2017,115,32,529,83,425,No
1050,Monday,N,11/16/2017,96,66,472,172,480,Yes
1051,Tuesday,N,11/17/2017,95,45,699,165,572,No
1052,Wednesday,N,11/18/2017,59,59,375,180,436,No
1053,Thursday,N,11/19/2017,86,63,384,115,369,No
1054,Friday,N,11/20/2017,89,73,490,224,570,No
1055,Saturday,Y,11/21/2017,113,74,799,308,470,No
1056,Sunday,Y,11/22/2017,105,44,564,225,269,No
1057,Monday,N,11/23/2017,88,40,285,179,318,No
1058,Tuesday,N,11/24/2017,74,41,355,124,332,No
1059,Wednesday,N,11/25/2017,75,52,467,176,461,No
1060,Thursday,N,11/26/2017,97,53,554,122,344,No
1061,Friday,N,11/27/2017,83,67,559,191,391,No
1062,Saturday,Y,11/28/2017,113,86,596,197,389,No
1063,Sunday,Y,11/29/2017,104,63,532,196,626,No
1064,Monday,N,11/30/2017,82,54,329,145,659,No
1065,Tuesday,N,12/1/2017,85,52,361,148,368,No
1066,Wednesday,N,12/2/2017,59,61,398,156,358,No
1067,Thursday,N,12/3/2017,87,47,345,165,439,No
1068,Friday,N,12/4/2017,109,61,678,192,624,No
1069,Saturday,Y,12/5/2017,115,51,535,156,547,No
1070,Sunday,Y,12/6/2017,109,45,734,199,453,Yes
1071,Monday,N,12/7/2017,129,72,846,185,384,Yes
1072,Tuesday,N,12/8/2017,79,48,467,188,317,No
1073,Wednesday,N,12/9/2017,85,51,562,134,434,No
1074,Thursday,N,12/10/2017,99,48,728,164,445,No
1075,Friday,N,12/11/2017,156,70,907,274,504,Yes
1076,Saturday,Y,12/12/2017,53,58,590,262,423,No
1077,Sunday,Y,12/13/2017,78,77,707,185,490,No
1078,Monday,N,12/14/2017,72,70,404,198,380,No
1079,Tuesday,N,12/15/2017,107,60,444,174,272,No
1080,Wednesday,N,12/16/2017,77,48,598,155,419,No
1081,Thursday,N,12/17/2017,65,54,638,107,341,No
1082,Friday,N,12/18/2017,103,63,402,154,327,No
1083,Saturday,Y,12/19/2017,148,76,589,168,439,No
1084,Sunday,Y,12/20/2017,106,62,657,151,477,No
1085,Monday,N,12/21/2017,73,46,570,156,238,No
1086,Tuesday,N,12/22/2017,103,53,420,134,420,No
1087,Wednesday,N,12/23/2017,72,44,505,156,375,No
1088,Thursday,N,12/24/2017,87,46,564,237,405,No
1089,Friday,N,12/25/2017,90,37,838,240,581,No
1090,Saturday,Y,12/26/2017,113,46,445,255,488,No
1091,Sunday,Y,12/27/2017,136,49,700,265,483,No
1092,Monday,N,12/28/2017,77,45,605,69,408,No
1093,Tuesday,N,12/29/2017,93,56,508,185,452,No
1094,Wednesday,N,12/30/2017,62,28,458,141,356,No
1095,Thursday,N,12/31/2017,65,56,491,190,446,No
